case,reference_range,method,n,MAE,RMSE,MBE,median_AE,P95_AE,max_AE,CCC,fit_R2,slope,intercept,source_file,P99_AE
C1,DGP < 0.34,EIGCM (MF1),15270,0.004587333713163,0.0103231849989243,-0.0024043825147347,0.0004762999999999,0.02189965,0.3301783,0.977068081988767,0.9596653181171222,0.9296752656916184,0.012034954732435,stratified_dgp_metrics.csv,
C1,DGP < 0.34,Jones dcglare,15270,0.0054461133417565,0.0137255078044714,0.0014582253277358,0.0015731170725749,0.021920530574954,0.3275181,0.962784781766907,0.9288573056307804,0.9978951206207396,0.0018904070276835,stratified_dgp_metrics.csv,
C1,DGP < 0.34,Raytraverse Balanced,15270,0.0084617879483843,0.0425803382236341,0.0028228970629138,0.0015569150807386,0.0260337940688271,0.817752,0.7354913300673748,0.5907452660289978,1.0322271303263666,-0.0037940977663922,stratified_dgp_metrics.csv,
C1,DGP < 0.34,Raytraverse High,15270,0.0081794341933726,0.0435407863780092,0.0034251606763307,0.0013536406170276,0.0245074305008595,0.817752,0.7302151085525602,0.5893987428389307,1.0506187248811536,-0.0069680650751607,stratified_dgp_metrics.csv,
C1,0.34 <= DGP < 0.38,EIGCM (MF1),878,0.0138615597949886,0.0177324297684977,-0.0105779602505694,0.0113123499999999,0.03404349,0.0903237,0.4761548523457874,0.4246737019019569,1.0447783828296515,-0.0266378241532523,stratified_dgp_metrics.csv,
C1,0.34 <= DGP < 0.38,Jones dcglare,878,0.0239082762236204,0.055814891859514,0.0112186604506392,0.00757435,0.1164048649999999,0.4025658,0.1127702457415877,0.0882123728421905,1.4474414205652462,-0.1492571733023972,stratified_dgp_metrics.csv,
C1,0.34 <= DGP < 0.38,Raytraverse Balanced,878,0.0391738827885879,0.0968432763607302,0.0011649800104867,0.0166702114549255,0.1096458723528812,0.655348,0.0292811923146312,0.015359946402254,1.034133609161289,-0.0110771127806507,stratified_dgp_metrics.csv,
C1,0.34 <= DGP < 0.38,Raytraverse High,878,0.0362243507097695,0.0955340256953151,0.0055531362160045,0.0137678543071928,0.1039716700850486,0.655348,0.0315222129882731,0.0174247476767852,1.0858893776571164,-0.0252512749461159,stratified_dgp_metrics.csv,
C1,0.38 <= DGP < 0.45,EIGCM (MF1),865,0.0149369832369942,0.0242268408827916,-0.0099993164161849,0.0106674999999999,0.0376201799999999,0.2090662999999999,0.5861342857486559,0.4707758437364855,1.0408004320124364,-0.0267627184645497,stratified_dgp_metrics.csv,
C1,0.38 <= DGP < 0.45,Jones dcglare,865,0.0485098959801869,0.0976727164358238,0.0304369805516049,0.0123902999999999,0.2685394553631043,0.4874458,0.1033148071135862,0.0812149958896953,1.3762753049689354,-0.1241607505739527,stratified_dgp_metrics.csv,
C1,0.38 <= DGP < 0.45,Raytraverse Balanced,865,0.0627499192036762,0.1361218448065137,0.0102611477680302,0.0233243223522911,0.2804364952206927,0.61898,0.0286796006163027,0.0100899404920762,0.6850187447558885,0.1396754004834454,stratified_dgp_metrics.csv,
C1,0.38 <= DGP < 0.45,Raytraverse High,865,0.0609377858032417,0.1382695434135393,0.0181233965673829,0.0190103085733295,0.3221474532134299,0.61898,0.0280893862328205,0.0100899795306729,0.691839248181638,0.1447353544182917,stratified_dgp_metrics.csv,
C1,DGP >= 0.45,EIGCM (MF1),1707,0.0159341782659636,0.0453417462696833,-0.0073045396016403,0.0053003999999999,0.0531329999999999,0.7100477000000001,0.980081309125544,0.9632640927239212,1.0237318046386763,-0.0245454079704293,stratified_dgp_metrics.csv,
C1,DGP >= 0.45,Jones dcglare,1707,0.1082130929265853,0.1826736674057205,-0.0314763670917874,0.013197,0.4109998799999996,0.6832005,0.6888217159506375,0.4857434076109452,0.7475458596240566,0.1519285053840234,stratified_dgp_metrics.csv,
C1,DGP >= 0.45,Raytraverse Balanced,1707,0.1178496533263009,0.2123454337936761,-0.0715260307060601,0.0318283319144179,0.5395476746552079,0.7712659193143268,0.6288152641858347,0.4409721925180651,0.7730493439665821,0.0933508695742296,stratified_dgp_metrics.csv,
C1,DGP >= 0.45,Raytraverse High,1707,0.1173838782456262,0.2112783535471967,-0.065884675687076,0.0305452381436145,0.5320353152150096,0.7650858366868951,0.6295023328827647,0.4361584323130131,0.7675563514972906,0.1029828170304805,stratified_dgp_metrics.csv,
C2,DGP < 0.34,EIGCM (MF1),13264,0.0046600544179734,0.0085173248860392,-0.0039970695114595,0.0009631499999999,0.0207602799999999,,0.9824024929089956,0.977926280807044,0.9186745699540008,0.012956257615684,stratified_dgp_metrics.csv,0.0306837429999999
C2,DGP < 0.34,Jones dcglare,13264,0.0056707722275738,0.0101930494169659,-0.0025321850589153,0.0018751365509855,0.0244803149999999,,0.9746087904146588,0.9588369548252677,0.9046324336566358,0.017348405165128,stratified_dgp_metrics.csv,0.0395402892011899
C2,DGP < 0.34,Raytraverse Balanced,13264,0.0083825700660616,0.0198239626293359,-0.003250400302456,0.0023890897264087,0.0338134857326561,,0.911275516319942,0.8344034078177283,0.9155964983006688,0.0143445902703062,stratified_dgp_metrics.csv,0.063932066010456
C2,0.34 <= DGP < 0.38,EIGCM (MF1),836,0.0133168110047846,0.0152515450971557,-0.010924535645933,0.01271535,0.0246233999999999,,0.5315924696090801,0.5381830199840751,0.9999998094748668,-0.0109244671834796,stratified_dgp_metrics.csv,0.03622788
C2,0.34 <= DGP < 0.38,Jones dcglare,836,0.0186087618421052,0.0224548511001906,-0.0135324649521531,0.0166744,0.0402894749999999,,0.3344356410340979,0.2747875411390795,0.9597544512854828,0.0009291914398577,stratified_dgp_metrics.csv,0.0483284599999999
C2,0.34 <= DGP < 0.38,Raytraverse Balanced,836,0.0311908512781471,0.0474342962046556,-0.0175341555776611,0.0195974568198685,0.0773710479045045,,0.0715484011229941,0.0287015208448241,0.6568147030914786,0.1057845219209772,stratified_dgp_metrics.csv,0.1319058858529648
C2,0.38 <= DGP < 0.45,EIGCM (MF1),1367,0.0141751702999268,0.0169299291430512,-0.0098416912948061,0.0128179,0.03182489,,0.736522102514906,0.6861211677658818,1.0331294443282912,-0.02359923504693,stratified_dgp_metrics.csv,0.0455377939999999
C2,0.38 <= DGP < 0.45,Jones dcglare,1367,0.0182341296269202,0.0221698184685881,-0.0110351221653255,0.0161728999999999,0.03738619,,0.6300358692251058,0.551523153319248,1.07927667873744,-0.0439560599705525,stratified_dgp_metrics.csv,0.0568230559999998
C2,0.38 <= DGP < 0.45,Raytraverse Balanced,1367,0.044219160777395,0.069495066902343,-0.0238353959675324,0.0337715350805257,0.1132881935063583,,0.1064891634122471,0.0480077875817218,0.7421922396213725,0.083223494242021,stratified_dgp_metrics.csv,0.2232461534954267
C2,DGP >= 0.45,EIGCM (MF1),3253,0.0148071196126652,0.0285127082844157,-0.0018173968951736,0.0095787999999999,0.0494259199999999,,0.9899136985992264,0.980793276863086,1.0187541975924843,-0.0147408403329697,stratified_dgp_metrics.csv,0.0777388959999999
C2,DGP >= 0.45,Jones dcglare,3253,0.0189865127574546,0.0342613766434167,-0.0049900992929603,0.0119337999999999,0.0636535999999999,,0.9853958494522598,0.972228859592363,1.011279312210563,-0.0127626287574503,stratified_dgp_metrics.csv,0.1048161079999999
C2,DGP >= 0.45,Raytraverse Balanced,3253,0.0788670230148076,0.1239073884035192,-0.0461989271541798,0.0522185123410012,0.2776505016284113,,0.8261250940598311,0.7227028782570624,0.9313874683567116,0.0010816972203564,stratified_dgp_metrics.csv,0.4514172053395757
C3,DGP < 0.34,EIGCM (MF1),17958,0.0004895945818019,0.0041838342648296,-0.0001221461131529,4.1200000000019e-05,0.001047505,0.1716919,0.862284891254355,0.7438344685470393,0.873696392688669,0.0201636342456449,stratified_dgp_metrics.csv,
C3,DGP < 0.34,Jones dcglare,17958,0.0019925880225392,0.0091177768408888,0.0008242526406374,0.0010311920503116,0.0021018153516013,0.178314391790548,0.1098350529354318,0.0139845027567947,0.0817693984519194,0.1483024181360746,stratified_dgp_metrics.csv,
C3,DGP < 0.34,Raytraverse Balanced,17958,0.0039506179880668,0.0283387994984231,0.0028649099757372,0.0010111979871805,0.0018669356409653,0.3839342431737794,0.040578348221057,0.0060021854358521,0.2707635235897705,0.119988492627002,stratified_dgp_metrics.csv,
C3,DGP < 0.34,Raytraverse High,17958,0.0039841840491977,0.028276963922298,0.0028994018738063,0.0010090013053679,0.0018738604362603,0.372847163625275,0.0411171313727121,0.0061429855820472,0.2733160993509347,0.1196130121391476,stratified_dgp_metrics.csv,
C3,0.34 <= DGP < 0.38,EIGCM (MF1),24,0.0088988666666666,0.0111357922987095,0.0024288499999999,0.0079028,0.0200771749999999,0.0251070999999999,0.6694432093807835,0.4844155972360343,0.8634150796696771,0.0517323184463976,stratified_dgp_metrics.csv,
C3,0.34 <= DGP < 0.38,Jones dcglare,24,0.1972966300696909,0.1977739785481769,-0.1972966300696909,0.2004205535565019,0.2143218746845837,0.2163470661903208,0.0015460897324145,0.0607990397297657,0.2082354675190153,0.0885089885135676,stratified_dgp_metrics.csv,
C3,0.34 <= DGP < 0.38,Raytraverse Balanced,24,0.1690813953196549,0.1833820958469517,-0.1656322888317537,0.1988115127561808,0.2152759920688899,0.2167876899546688,0.0043102341764943,0.0058804970208485,0.5004957739948005,0.0146752501420211,stratified_dgp_metrics.csv,
C3,0.34 <= DGP < 0.38,Raytraverse High,24,0.1700168499247649,0.1836689436951924,-0.164661877506844,0.1988033686523997,0.2153443253893625,0.2166913480525169,0.0050402226125074,0.0075533104549946,0.5875236848263672,-0.0157690645896722,stratified_dgp_metrics.csv,
C3,0.38 <= DGP < 0.45,EIGCM (MF1),227,0.0143363753303964,0.0222106561331299,0.0108169929515418,0.0050761999999999,0.04700685,0.0664227,0.4230213018625103,0.278748514524794,0.7803093928092654,0.1044084879417024,stratified_dgp_metrics.csv,
C3,0.38 <= DGP < 0.45,Jones dcglare,227,0.2369840902492909,0.2382379197155864,-0.2369840902492909,0.2370164974176374,0.2715483651791345,0.2851545348221013,0.0026150117857693,0.0465737970884939,0.3210511275268174,0.052258316648336,stratified_dgp_metrics.csv,
C3,0.38 <= DGP < 0.45,Raytraverse Balanced,227,0.0535453150012786,0.1075649952775631,-0.0365719225303798,0.0086771772580928,0.2699938808275439,0.2845039556705602,0.0522021599230045,0.041178620362974,1.3748530548800015,-0.1962649483564189,stratified_dgp_metrics.csv,
C3,0.38 <= DGP < 0.45,Raytraverse High,227,0.0508706850962639,0.1037912133081987,-0.032628752618143,0.0091242023447262,0.2695319242187239,0.2841668756079585,0.0462518302132441,0.0294444443096876,1.1270884068742804,-0.0867703208325506,stratified_dgp_metrics.csv,
C3,DGP >= 0.45,EIGCM (MF1),511,0.0053566739726027,0.0143613573879171,-0.0010056336594911,0.0014763999999999,0.0294268499999999,0.1292597999999999,0.784461810540882,0.6224799947635118,0.8691677369313795,0.0626500911439425,stratified_dgp_metrics.csv,
C3,DGP >= 0.45,Jones dcglare,511,0.2758756303592026,0.2791526351819121,-0.2758756303592026,0.2676850501848329,0.3477261952321779,0.3687511528921519,0.0041130976757067,0.0350926412227667,0.3726554765210022,0.0293554296781469,stratified_dgp_metrics.csv,
C3,DGP >= 0.45,Raytraverse Balanced,511,0.0778570996769825,0.1565202963370351,-0.0722339467998491,0.0030973229514938,0.3441417008103137,0.3801175641620394,0.0036876447070113,0.0002513340771842,0.104992897259773,0.3632268829136058,stratified_dgp_metrics.csv,
C3,DGP >= 0.45,Raytraverse High,511,0.0718446941572542,0.150410239408934,-0.0670229268792502,0.0028039513141355,0.3437051517266992,0.3800455864616382,0.0052588510957706,0.0004647551547189,0.1384843309752548,0.3521428282259868,stratified_dgp_metrics.csv,
C4,DGP < 0.34,EIGCM (MF1),15621,0.0038437442865373,0.0084827870154757,-0.0009282047052045,0.0005136,0.0182032999999999,0.2468331999999999,0.9850562661932069,0.970685743100596,0.9868379158646146,0.0017727322753511,stratified_dgp_metrics.csv,
C4,DGP < 0.34,Jones dcglare,15621,0.006063443769318,0.0143863360591883,0.0022277103608941,0.0016656027296951,0.0253345,0.3345411,0.9596368582024932,0.9262148984696268,1.0237387565219145,-0.0026436219222716,stratified_dgp_metrics.csv,
C4,DGP < 0.34,Raytraverse Balanced,15621,0.0085676824870083,0.0427433571635676,0.0037184497437456,0.0016890445030434,0.0255253828446412,0.818406,0.7358951103060402,0.5989923613921511,1.0591159807990964,-0.0084124967720001,stratified_dgp_metrics.csv,
C4,DGP < 0.34,Raytraverse High,15621,0.0085101339476227,0.0427721144981438,0.0040331922494204,0.0014962113448302,0.026460140227818,0.818406,0.7376036339847752,0.604302589589528,1.0699253055592843,-0.0103158912026433,stratified_dgp_metrics.csv,
C4,0.34 <= DGP < 0.38,EIGCM (MF1),768,0.0094588475260416,0.0148242794917007,-0.0025218287760416,0.0069777,0.0246458649999999,0.1919226,0.5495134462862408,0.3914747629947801,1.0238895441731477,-0.0110909457475332,stratified_dgp_metrics.csv,
C4,0.34 <= DGP < 0.38,Jones dcglare,768,0.0243728234375,0.05674163899649,0.0175571315104166,0.0087813,0.1063945949999999,0.409958,0.1087610756761806,0.0929023975662143,1.5006953230029223,-0.1620409704371908,stratified_dgp_metrics.csv,
C4,0.34 <= DGP < 0.38,Raytraverse Balanced,768,0.0393366405811399,0.1050434405943303,0.0128033773327713,0.0148068336004655,0.0966680058481273,0.6576409999999999,0.0277772188861757,0.0171696015689545,1.2041213925221113,-0.060414431940953,stratified_dgp_metrics.csv,
C4,0.34 <= DGP < 0.38,Raytraverse High,768,0.0396291226263509,0.1051736333264993,0.015079027146153,0.0156749974304275,0.1000103331010371,0.6576409999999999,0.0271496574413259,0.0165265065825214,1.1790751888619926,-0.0491547744252978,stratified_dgp_metrics.csv,
C4,0.38 <= DGP < 0.45,EIGCM (MF1),754,0.0126509840848806,0.0187638453464075,-0.0019573941644562,0.0089598999999999,0.037825775,0.1187184,0.6743572874107008,0.4990097690044497,0.9487424567839488,0.0190984994915647,stratified_dgp_metrics.csv,
C4,0.38 <= DGP < 0.45,Jones dcglare,754,0.0457904034772487,0.092004944319377,0.038953750634157,0.0130590499999999,0.2319032200000001,0.4947663999999999,0.0979275604921232,0.0734291042176557,1.1957539116064078,-0.0414592634691781,stratified_dgp_metrics.csv,
C4,0.38 <= DGP < 0.45,Raytraverse Balanced,754,0.0595608723485401,0.136540015604922,0.0251803637614174,0.0222083900128526,0.2641697890148125,0.6181110000000001,0.0191449200935682,0.0047891877093452,0.4735049939243335,0.2414572698087562,stratified_dgp_metrics.csv,
C4,0.38 <= DGP < 0.45,Raytraverse High,754,0.0613167519345477,0.1374681128548633,0.0298787328933109,0.0238480189302503,0.2594813216368943,0.6181110000000001,0.023350480623956,0.0073491036910405,0.5879183019359069,0.1991562258753186,stratified_dgp_metrics.csv,
C4,DGP >= 0.45,EIGCM (MF1),1577,0.0164316972733037,0.0352244803665305,-0.0054972502219403,0.0041334,0.0800359199999998,0.3306417,0.9876299905795723,0.9763616097312748,1.0072855856146214,-0.010774979098398,stratified_dgp_metrics.csv,
C4,DGP >= 0.45,Jones dcglare,1577,0.1014835450163571,0.1750438574524689,-0.0248198982186399,0.0151470999999999,0.4096587599999995,0.6256746,0.7088686543910586,0.5102691820069789,0.7585945977999806,0.1500558536450327,stratified_dgp_metrics.csv,
C4,DGP >= 0.45,Raytraverse Balanced,1577,0.1080902222130519,0.1968075703288977,-0.0502238775617004,0.0302061519020805,0.5006495490974707,0.7728205709529317,0.6666697720554929,0.4729946516045324,0.7876963885525907,0.1035703347338345,stratified_dgp_metrics.csv,
C4,DGP >= 0.45,Raytraverse High,1577,0.1057370655443491,0.1928067992960337,-0.0475528273670183,0.0303416872559079,0.4913278447254149,0.7679461032002375,0.6764351734241457,0.483903301957943,0.7902213465700884,0.1044122877844176,stratified_dgp_metrics.csv,
